Customer ID,Country,Name,Email
17503,United Kingdom,Martyn May,martyn.may@company.com
17705,United Kingdom,Maureen Knowles,maureen.knowles@gmail.com
13546,United Kingdom,Allan Lewis,allan.lewis@company.com
13747,United Kingdom,Mr Sam Phillips,mr.sam.phillips@yahoo.com
17388,United Kingdom,Natasha Stephenson-Webster,natasha.stephenson-webster@hotmail.com
13817,Germany,Univ.Prof. Lilija Eimer MBA.,univ.prof..lilija.eimer.mba.@outlook.com
14180,United Kingdom,Eleanor Matthews,eleanor.matthews@yahoo.com
17582,United Kingdom,Marion Arnold-Cox,marion.arnold-cox@hotmail.com
16135,United Kingdom,Lynda Foster,lynda.foster@yahoo.com
18127,United Kingdom,Colin Davison-Lamb,colin.davison-lamb@yahoo.com
14488,United Kingdom,Tracy O'Neill,tracy.oneill@yahoo.com
12512,Israel,Claudia Williams,claudia.williams@outlook.com
12490,France,Roland Girard-Brunel,roland.girard-brunel@yahoo.com
17357,United Kingdom,Sheila White,sheila.white@yahoo.com
18056,United Kingdom,Joe Goddard,joe.goddard@company.com
15527,United Kingdom,Elizabeth Frost,elizabeth.frost@yahoo.com
13422,United Kingdom,Francesca Kennedy,francesca.kennedy@yahoo.com
15186,United Kingdom,Gordon Hunt,gordon.hunt@outlook.com
17869,United Kingdom,Leah Lynch,leah.lynch@gmail.com
15355,United Kingdom,Kenneth Glover,kenneth.glover@outlook.com
15993,United Kingdom,Dr Liam King,dr.liam.king@hotmail.com
13124,United Kingdom,Irene Pearson,irene.pearson@gmail.com
18099,United Kingdom,Aimee Patel-Cooper,aimee.patel-cooper@hotmail.com
13670,United Kingdom,Bruce Iqbal-Foster,bruce.iqbal-foster@gmail.com
16681,United Kingdom,Miss Elizabeth Francis,miss.elizabeth.francis@hotmail.com
16471,United Kingdom,Joanne Wilkinson-Gallagher,joanne.wilkinson-gallagher@hotmail.com
15601,United Kingdom,Grace West,grace.west@gmail.com
13116,United Kingdom,Carol Parker,carol.parker@gmail.com
13652,United Kingdom,Douglas Taylor,douglas.taylor@company.com
17282,United Kingdom,Barbara Evans,barbara.evans@gmail.com
12360,Austria,Allison Porter,allison.porter@yahoo.com
15236,United Kingdom,Mr Bruce Walton,mr.bruce.walton@yahoo.com
13505,Switzerland,Natasha Burri,natasha.burri@yahoo.com
12603,Germany,Annerose Wulf-Stroh,annerose.wulf-stroh@outlook.com
15160,United Kingdom,Ms Alison Davis,ms.alison.davis@hotmail.com
15129,United Kingdom,Miss Katy Riley,miss.katy.riley@hotmail.com
13357,United Kingdom,Jack Walker,jack.walker@company.com
15906,United Kingdom,Geraldine Roberts,geraldine.roberts@yahoo.com
16721,United Kingdom,Holly Thomas-Duffy,holly.thomas-duffy@hotmail.com
15889,United Kingdom,Dr Jacob Turner,dr.jacob.turner@outlook.com
13455,United Kingdom,Anthony Gallagher,anthony.gallagher@gmail.com
13808,United Kingdom,Dr Jamie Bennett,dr.jamie.bennett@hotmail.com
15239,United Kingdom,Joan Young,joan.young@gmail.com
16755,United Kingdom,Miss Michelle Collins,miss.michelle.collins@outlook.com
16124,United Kingdom,Duncan Poole-Black,duncan.poole-black@outlook.com
16361,United Kingdom,Luke Moore,luke.moore@gmail.com
18224,United Kingdom,Lydia Fry,lydia.fry@yahoo.com
17893,United Kingdom,Angela Nelson,angela.nelson@yahoo.com
17619,United Kingdom,Miss Lesley Francis,miss.lesley.francis@outlook.com
17169,United Kingdom,Lydia Watson,lydia.watson@gmail.com
12717,Greece,Julia Smith,julia.smith@yahoo.com
16796,United Kingdom,Glenn Abbott-Williams,glenn.abbott-williams@hotmail.com
17085,United Kingdom,David Power,david.power@outlook.com
13185,United Kingdom,Declan King,declan.king@outlook.com
17400,United Kingdom,Arthur Ward,arthur.ward@company.com
13515,United Kingdom,Mrs Georgia Daly,mrs.georgia.daly@hotmail.com
18217,United Kingdom,Duncan Robson,duncan.robson@outlook.com
13623,United Kingdom,Dr Judith Hall,dr.judith.hall@outlook.com
14449,United Kingdom,Dr Henry Burke,dr.henry.burke@hotmail.com
14351,United Kingdom,Andrew Adams,andrew.adams@company.com
17867,United Kingdom,Kirsty Allen-Higgins,kirsty.allen-higgins@hotmail.com
14776,United Kingdom,Geraldine Williams,geraldine.williams@gmail.com
14755,United Kingdom,Gregory Goddard,gregory.goddard@outlook.com
14335,Germany,Dipl.-Ing. Nadeshda Trupp,dipl.-ing..nadeshda.trupp@outlook.com
12640,France,Alfred de la Renard,alfred.de.la.renard@yahoo.com
15004,United Kingdom,Geraldine Murray,geraldine.murray@gmail.com
12449,Belgium,Mr. Peter Foster PhD,mr..peter.foster.phd@outlook.com
17171,United Kingdom,Frank Johnson,frank.johnson@company.com
14052,United Kingdom,Arthur Robertson,arthur.robertson@outlook.com
15516,United Kingdom,Mr Graeme Coates,mr.graeme.coates@company.com
16966,United Kingdom,Anne Smith,anne.smith@gmail.com
16393,United Kingdom,Ms Diana Miller,ms.diana.miller@hotmail.com
18239,United Kingdom,Bethany Long-Charlton,bethany.long-charlton@hotmail.com
13594,United Kingdom,Alex Carpenter-Abbott,alex.carpenter-abbott@outlook.com
17392,United Kingdom,Mrs Jade Gibson,mrs.jade.gibson@outlook.com
14785,United Kingdom,Dr Paige Lawson,dr.paige.lawson@outlook.com
17873,United Kingdom,Billy Day,billy.day@company.com
15349,United Kingdom,Danielle Brown,danielle.brown@gmail.com
16738,United Kingdom,Lydia Hopkins,lydia.hopkins@yahoo.com
13016,United Kingdom,Dr Reece Gardner,dr.reece.gardner@outlook.com
14089,United Kingdom,Dr Dawn Jenkins,dr.dawn.jenkins@hotmail.com
14400,United Kingdom,Ellie May,ellie.may@gmail.com
13837,United Kingdom,Dr Gordon Wilkinson,dr.gordon.wilkinson@hotmail.com
18219,United Kingdom,Judith Williams,judith.williams@yahoo.com
17581,United Kingdom,Rhys Parsons,rhys.parsons@outlook.com
15292,United Kingdom,Vanessa Smith-Shaw,vanessa.smith-shaw@hotmail.com
15152,United Kingdom,Sam Thompson-Barker,sam.thompson-barker@hotmail.com
15630,United Kingdom,Charlene Williams,charlene.williams@gmail.com
12688,Israel,Angela Rodriguez,angela.rodriguez@gmail.com
17966,United Kingdom,Jade Barker,jade.barker@yahoo.com
14462,United Kingdom,Ms Naomi Spencer,ms.naomi.spencer@hotmail.com
15957,United Kingdom,Miss Wendy Peacock,miss.wendy.peacock@hotmail.com
15800,United Kingdom,Beverley Rogers,beverley.rogers@yahoo.com
17033,United Kingdom,Margaret Smith,margaret.smith@yahoo.com
13199,United Kingdom,Ms Anne Miller,ms.anne.miller@hotmail.com
16306,United Kingdom,Kevin Jackson,kevin.jackson@company.com
17111,United Kingdom,Diane Porter,diane.porter@yahoo.com
16626,United Kingdom,Kerry Barlow,kerry.barlow@yahoo.com
15886,United Kingdom,Dr Jennifer Cross,dr.jennifer.cross@hotmail.com
12581,Germany,Juliana Ring,juliana.ring@hotmail.com
